<xml xmlns:o="urn:schemas-microsoft-com:office:office">
 <o:File HRef="minimize.gif"/>
 <o:File HRef="maximize.gif"/>
 <o:File HRef="go.gif"/>
 <o:File HRef="fullpage.gif"/>
 <o:File HRef="plus.gif"/>
 <o:File HRef="minus.gif"/>
 <o:File HRef="panminus.gif"/>
 <o:File HRef="panplus.gif"/>
 <o:File HRef="tick-foc.gif"/>
 <o:File HRef="tick-off.gif"/>
 <o:File HRef="tick-on.gif"/>
 <o:File HRef="toc.gif"/>
 <o:File HRef="toc2.gif"/>
 <o:File HRef="arrow.png"/>
 <o:File HRef="data.xml"/>
 <o:File HRef="frameset.js"/>
 <o:File HRef="keys.js"/>
 <o:File HRef="visio.css"/>
 <o:File HRef="xaml_1.xaml"/>
 <o:File HRef="png_1.png"/>
 <o:File HRef="xaml_1.js"/>
 <o:File HRef="Silverlight.js"/>
 <o:File HRef="Silverlight.supportedUserAgent.js"/>
 <o:File HRef="xaml_1.htm"/>
 <o:File HRef="png_1.js"/>
 <o:File HRef="png_1.htm"/>
 <o:File HRef="19C32245-0568-60CF-8575-D87CEE272C6F.odttf"/>
 <o:File HRef="32C45CDB-5897-2328-4837-9B67F9778D6C.odttf"/>
 <o:File HRef="zoom.htm"/>
 <o:File HRef="find.js"/>
 <o:File HRef="widgets.htm"/>
 <o:File HRef="toolbar.htm"/>
 <o:MainFile HRef="../TID_Drawing.htm"/>
 <o:File HRef="filelist.xml"/>
</xml>